,title,url,time_published,authors,summary,banner_image,source,category_within_source,source_domain,topics,overall_sentiment_score,overall_sentiment_label,ticker_sentiment
0,German authorities seize 50K BTC connected to piracy websites,https://cointelegraph.com/news/german-authorities-seize-50k-bitcoin,20240130T145357,['Turner Wright'],"According to the Saxony police, ""a final decision has not yet been made about the utilization of the ...","https://images.cointelegraph.com/cdn-cgi/image/format=auto,onerror=redirect,quality=90,width=1200/https://s3.cointelegraph.com/uploads/2024-01/22f30b29-429e-4e27-93a5-7d00991c7afe.jpg",Cointelegraph,n/a,cointelegraph.com,"[{'topic': 'Finance', 'relevance_score': '1.0'}, {'topic': 'Blockchain', 'relevance_score': '0.451494'}]",-0.028232,Neutral,"[{'ticker': 'COIN', 'relevance_score': '0.174587', 'ticker_sentiment_score': '0.0', 'ticker_sentiment_label': 'Neutral'}, {'ticker': 'CRYPTO:BTC', 'relevance_score': '0.922387', 'ticker_sentiment_score': '-0.067551', 'ticker_sentiment_label': 'Neutral'}]"
0,Market Whales and Their Recent Bets on NFLX Options - Netflix  ( NASDAQ:NFLX ) ,https://www.benzinga.com/insights/options/24/01/36846688/market-whales-and-their-recent-bets-on-nflx-options,20240130T144633,['Benzinga Insights'],"Whales with a lot of money to spend have taken a noticeably bearish stance on Netflix. Looking at options history for Netflix NFLX we detected 9 trades. If we consider the specifics of each trade, it is accurate to state that 22% of the investors opened trades with bullish expectations and 77% ...",https://cdn.benzinga.com/files/images/story/2023/movers_image_0.jpeg?width=1200&height=800&fit=crop,Benzinga,Markets,www.benzinga.com,"[{'topic': 'Earnings', 'relevance_score': '0.360215'}, {'topic': 'Finance', 'relevance_score': '1.0'}, {'topic': 'Financial Markets', 'relevance_score': '0.459462'}]",0.108125,Neutral,"[{'ticker': 'NFLX', 'relevance_score': '0.756001', 'ticker_sentiment_score': '0.135701', 'ticker_sentiment_label': 'Neutral'}, {'ticker': 'BCS', 'relevance_score': '0.077343', 'ticker_sentiment_score': '0.0', 'ticker_sentiment_label': 'Neutral'}]"
0,Janover Named 2024 Commercial Real Estate Tech Influencer by GlobeSt.com,https://www.globenewswire.com/news-release/2024/01/30/2820134/0/en/Janover-Named-2024-Commercial-Real-Estate-Tech-Influencer-by-GlobeSt-com.html,20240130T143900,['Janover Inc.'],GlobeSt.com highlights innovative organizations and individuals shaping the modernization of the commercial real estate industry GlobeSt.com highlights innovative organizations and individuals shaping the modernization of the commercial real estate industry ...,https://ml.globenewswire.com/Resource/Download/941c4459-3148-4ace-b86c-be811ca4b897,GlobeNewswire,n/a,www.globenewswire.com,"[{'topic': 'IPO', 'relevance_score': '0.158519'}, {'topic': 'Finance', 'relevance_score': '1.0'}, {'topic': 'Financial Markets', 'relevance_score': '0.310843'}]",0.141607,Neutral,"[{'ticker': 'JNVR', 'relevance_score': '0.319488', 'ticker_sentiment_score': '0.304622', 'ticker_sentiment_label': 'Somewhat-Bullish'}]"
0,Coastal Financial Corporation Announces Fourth Quarter and Fiscal Year 2023 Results,https://www.globenewswire.com/news-release/2024/01/30/2820115/0/en/Coastal-Financial-Corporation-Announces-Fourth-Quarter-and-Fiscal-Year-2023-Results.html,20240130T142500,['Coastal Financial Corporation'],Fourth Quarter 2023 Highlights: ...,https://ml.globenewswire.com/Resource/Download/8426dd4f-fd39-4eef-869c-1a11c08c977b,GlobeNewswire,n/a,www.globenewswire.com,"[{'topic': 'Economy - Monetary', 'relevance_score': '0.990678'}, {'topic': 'Financial Markets', 'relevance_score': '1.0'}, {'topic': 'Earnings', 'relevance_score': '1.0'}, {'topic': 'Finance', 'relevance_score': '1.0'}]",0.244907,Somewhat-Bullish,"[{'ticker': 'CCB', 'relevance_score': '0.020579', 'ticker_sentiment_score': '0.008563', 'ticker_sentiment_label': 'Neutral'}, {'ticker': 'CRYPTO:XCP', 'relevance_score': '0.008233', 'ticker_sentiment_score': '0.016401', 'ticker_sentiment_label': 'Neutral'}]"
0,"Bank of England to keep rates near 16-year high, but traders bet cuts are coming",https://www.marketwatch.com/story/bank-of-england-to-keep-rates-at-near-16-year-high-on-thursday-but-traders-bet-cuts-are-coming-b22a2bbe,20240130T140300,['Jamie Chisholm'],The Bank of England on Thursday is expected to follow the European Central Bank last week and the Federal Reserve the day before in leaving interest rates unchanged.,https://images.mktw.net/im-74423110?width=700&height=423,MarketWatch,Top Stories,www.marketwatch.com,"[{'topic': 'Economy - Monetary', 'relevance_score': '0.999973'}, {'topic': 'Finance', 'relevance_score': '1.0'}, {'topic': 'Financial Markets', 'relevance_score': '0.650727'}]",-0.02678,Neutral,"[{'ticker': 'GS', 'relevance_score': '0.061315', 'ticker_sentiment_score': '0.129576', 'ticker_sentiment_label': 'Neutral'}, {'ticker': 'SCGLF', 'relevance_score': '0.061315', 'ticker_sentiment_score': '-0.098706', 'ticker_sentiment_label': 'Neutral'}]"
0,Wall Street's new asset class: Will Grayscale survive the Bitcoin ETF era?,https://cointelegraph.com/news/wall-street-grayscale-bitcoin-etf,20240130T140100,['Andrew Singer'],"Grayscale has a ""massive"" head start, but will the Wall Street firms like BlackRock and Fidelity soon overtake GBTC?","https://images.cointelegraph.com/cdn-cgi/image/format=auto,onerror=redirect,quality=90,width=1200/https://s3.cointelegraph.com/uploads/2024-01/1d8f4615-f8a3-487f-a7ea-faba4bed0af4.jpg",Cointelegraph,n/a,cointelegraph.com,"[{'topic': 'Finance', 'relevance_score': '1.0'}, {'topic': 'Blockchain', 'relevance_score': '0.769861'}, {'topic': 'Financial Markets', 'relevance_score': '1.0'}]",0.182546,Somewhat-Bullish,"[{'ticker': 'BLK', 'relevance_score': '0.207967', 'ticker_sentiment_score': '0.16189', 'ticker_sentiment_label': 'Somewhat-Bullish'}, {'ticker': 'MFC', 'relevance_score': '0.023372', 'ticker_sentiment_score': '-0.208625', 'ticker_sentiment_label': 'Somewhat-Bearish'}, {'ticker': 'CRYPTO:BTC', 'relevance_score': '0.339667', 'ticker_sentiment_score': '0.179008', 'ticker_sentiment_label': 'Somewhat-Bullish'}]"
0,"Community Resource Credit Union, CRCU Retirement and Investment Services, Partner With Trustage™",https://www.globenewswire.com/news-release/2024/01/30/2820030/29579/en/Community-Resource-Credit-Union-CRCU-Retirement-and-Investment-Services-Partner-With-Trustage.html,20240130T135500,"['Inc.', 'LPL Financial Holdings']",CRCU Retirement and Investment Services will onboard to the LPL Financial Institution Services platform CRCU Retirement and Investment Services will onboard to the LPL Financial Institution Services platform ...,https://ml.globenewswire.com/Resource/Download/53e1e8c9-85a6-4959-822d-a2cead7e0840,GlobeNewswire,n/a,www.globenewswire.com,"[{'topic': 'Finance', 'relevance_score': '1.0'}, {'topic': 'Financial Markets', 'relevance_score': '0.99999'}]",0.448201,Bullish,"[{'ticker': 'LPLA', 'relevance_score': '0.360752', 'ticker_sentiment_score': '0.401661', 'ticker_sentiment_label': 'Bullish'}]"
0,"Community Resource Credit Union, CRCU Retirement and Investment Services, Partner With Trustage™ - LPL Finl Hldgs  ( NASDAQ:LPLA ) ",https://www.benzinga.com/pressreleases/24/01/g36844907/community-resource-credit-union-crcu-retirement-and-investment-services-partner-with-trustage,20240130T135500,['Globe Newswire'],"MADISON, Wis., Jan. 30, 2024 ( GLOBE NEWSWIRE ) -- TruStage, formerly CUNA Mutual Group, today announced an agreement to provide Community Resource Credit Union ( ""CRCU"" ) , one of the greater Houston area's largest credit unions, and CRCU Retirement and Investment Services, CRCU's wealth ...",https://www.benzinga.com/next-assets/images/schema-image-default.png,Benzinga,General,www.benzinga.com,"[{'topic': 'Finance', 'relevance_score': '1.0'}, {'topic': 'Financial Markets', 'relevance_score': '0.999997'}]",0.42354,Bullish,"[{'ticker': 'LPLA', 'relevance_score': '0.442981', 'ticker_sentiment_score': '0.437376', 'ticker_sentiment_label': 'Bullish'}]"
0,"February Historically A Flat Month For Stocks, Small Caps Tend To Outperform - Invesco QQQ Trust, Series 1  ( NASDAQ:QQQ ) , SPDR S&P 500  ( ARCA:SPY ) ",https://www.benzinga.com/markets/24/01/36844648/february-historically-a-flat-month-for-stocks-small-caps-tend-to-outperform,20240130T134333,['Cory Mitchell'],"Over the last 20 years, February has been a mediocre month for stock market performance. Over that time frame, the S&P 500 has moved higher in 12 of those 20 years, accounting for a 60% ""success rate."" On average, the S&P 500 has an average gain of 0.2% in February.",https://cdn.benzinga.com/files/february_seasonality.jpg?width=1200&height=800&fit=crop,Benzinga,Markets,www.benzinga.com,"[{'topic': 'Finance', 'relevance_score': '1.0'}, {'topic': 'Financial Markets', 'relevance_score': '0.972756'}]",0.123006,Neutral,"[{'ticker': 'IVZ', 'relevance_score': '0.098659', 'ticker_sentiment_score': '0.099513', 'ticker_sentiment_label': 'Neutral'}]"
0,Blackstone's Aadhar Housing Finance targets $600 million India IPO: Report,https://www.business-standard.com/companies/news/blackstone-s-aadhar-housing-finance-targets-600-million-india-ipo-report-124013000696_1.html,20240130T134035,['Reuters'],"Private equity group Blackstone-owned Indian home loans provider, Aadhar Housing Finance, is targeting a $600-650 million initial public offering ( IPO ) at a valuation of up to $3 billion, two people with direct knowledge said on Tuesday.","https://bsmedia.business-standard.com/_media/bs/img/article/2023-07/19/full/1689791122-15.jpg?im=FeatureCrop,size=(826,465)",Business Standard,GoogleRSS,www.business-standard.com,"[{'topic': 'IPO', 'relevance_score': '0.682689'}, {'topic': 'Finance', 'relevance_score': '1.0'}]",-0.124118,Neutral,"[{'ticker': 'BX', 'relevance_score': '0.757528', 'ticker_sentiment_score': '-0.238716', 'ticker_sentiment_label': 'Somewhat-Bearish'}]"
0,RELI Exchange Launches the Client Referral Portal into its Proprietary InsurTech Platform,https://www.globenewswire.com/news-release/2024/01/30/2819995/0/en/RELI-Exchange-Launches-the-Client-Referral-Portal-into-its-Proprietary-InsurTech-Platform.html,20240130T133000,"['Inc.', 'Reliance Global Group']","LAKEWOOD, NJ, Jan. 30, 2024 ( GLOBE NEWSWIRE ) -- Reliance Global Group, Inc. ( Nasdaq: RELI. RELIW ) ( ""Reliance"" or the ""Company"" ) , today announced that it has added the RELI Exchange Client Referral Portal ( CRP ) into its proprietary InsurTech platform, RELI Exchange.",https://ml.globenewswire.com/Resource/Download/92baed0b-de89-4fd1-9987-e9b35719cb6b,GlobeNewswire,n/a,www.globenewswire.com,"[{'topic': 'Finance', 'relevance_score': '1.0'}, {'topic': 'Financial Markets', 'relevance_score': '0.310843'}]",0.195811,Somewhat-Bullish,"[{'ticker': 'RELI', 'relevance_score': '0.589459', 'ticker_sentiment_score': '0.394333', 'ticker_sentiment_label': 'Bullish'}]"
0,Why analysts say the Fed risks clogging the financial plumbing without a policy change,https://www.marketwatch.com/story/why-analysts-say-the-fed-risks-clogging-the-financial-plumbing-without-a-policy-change-953c9385,20240130T133000,['Joy Wiltermuth'],"Federal Reserve officials are expected to hash out how to slow, then stop, the shrinking of the central bank's balance sheet to avoid financial plumbing issues.",https://images.mktw.net/im-44158948?width=700&height=566,MarketWatch,Top Stories,www.marketwatch.com,"[{'topic': 'Economy - Monetary', 'relevance_score': '0.576289'}, {'topic': 'Finance', 'relevance_score': '1.0'}, {'topic': 'Financial Markets', 'relevance_score': '0.744043'}]",-0.040815,Neutral,"[{'ticker': 'MS', 'relevance_score': '0.071357', 'ticker_sentiment_score': '0.093103', 'ticker_sentiment_label': 'Neutral'}]"
0,"GCM Grosvenor to Announce Fourth Quarter and Full Year 2023 Financial Results and Host Investor Conference Call on February 13, 2024",https://www.globenewswire.com/news-release/2024/01/30/2820004/0/en/GCM-Grosvenor-to-Announce-Fourth-Quarter-and-Full-Year-2023-Financial-Results-and-Host-Investor-Conference-Call-on-February-13-2024.html,20240130T133000,['GCM Grosvenor Inc.'],"CHICAGO, Jan. 30, 2024 ( GLOBE NEWSWIRE ) -- GCM Grosvenor ( Nasdaq: GCMG ) , a global alternative asset management solutions provider, announced today that it will release its results for the fourth quarter and full year 2023 on Tuesday, February 13, 2024.",https://ml.globenewswire.com/Resource/Download/21691c0b-c293-45f4-8eb5-6f9c0f1e03a8,GlobeNewswire,n/a,www.globenewswire.com,"[{'topic': 'Finance', 'relevance_score': '1.0'}, {'topic': 'Financial Markets', 'relevance_score': '0.161647'}]",0.226202,Somewhat-Bullish,"[{'ticker': 'GCMG', 'relevance_score': '0.625937', 'ticker_sentiment_score': '0.549882', 'ticker_sentiment_label': 'Bullish'}]"
0,"1 No-Brainer Cryptocurrency to Buy Before It Soars in Value, If Morgan Stanley Is Right",https://www.fool.com/investing/2024/01/30/1-no-brainer-cryptocurrency-to-buy-before-it-soars/,20240130T133000,['Dominic Basulto'],"According to a new Morgan Stanley report, the new Bitcoin ETFs represent a potential paradigm shift.",https://g.foolcdn.com/image/?url=https%3A%2F%2Fg.foolcdn.com%2Feditorial%2Fimages%2F762921%2Ftrader-newspaper-wall-street-investing-business.jpg&op=resize&w=700,Motley Fool,n/a,www.fool.com,"[{'topic': 'Economy - Monetary', 'relevance_score': '0.310843'}, {'topic': 'Financial Markets', 'relevance_score': '0.158519'}, {'topic': 'Finance', 'relevance_score': '1.0'}, {'topic': 'Blockchain', 'relevance_score': '0.576289'}, {'topic': 'Economy - Macro', 'relevance_score': '0.158519'}]",0.206938,Somewhat-Bullish,"[{'ticker': 'MS', 'relevance_score': '0.463325', 'ticker_sentiment_score': '0.211177', 'ticker_sentiment_label': 'Somewhat-Bullish'}, {'ticker': 'WFHG', 'relevance_score': '0.109206', 'ticker_sentiment_score': '0.135332', 'ticker_sentiment_label': 'Neutral'}, {'ticker': 'FOREX:USD', 'relevance_score': '0.319587', 'ticker_sentiment_score': '0.135661', 'ticker_sentiment_label': 'Neutral'}, {'ticker': 'CRYPTO:BTC', 'relevance_score': '0.913883', 'ticker_sentiment_score': '0.357261', 'ticker_sentiment_label': 'Bullish'}]"
0,3 Magnificent Mutual Funds to Maximize Your Retirement Portfolio,https://www.zacks.com/stock/news/2217701/3-magnificent-mutual-funds-to-maximize-your-retirement-portfolio,20240130T130004,['Zacks Equity Research'],"These three top-ranked, best-performing and well-managed funds can help you maximize your retirement portfolio returns.",https://staticx-tuner.zacks.com/images/default_article_images/default312.jpg,Zacks Commentary,n/a,www.zacks.com,"[{'topic': 'Finance', 'relevance_score': '1.0'}]",0.364858,Bullish,"[{'ticker': 'GS', 'relevance_score': '0.104228', 'ticker_sentiment_score': '0.172658', 'ticker_sentiment_label': 'Somewhat-Bullish'}]"
0,3 Top-Performing Mutual Funds to Consider for Your Retirement Portfolio,https://www.zacks.com/stock/news/2217702/3-top-performing-mutual-funds-to-consider-for-your-retirement-portfolio,20240130T130004,['Zacks Equity Research'],"Consider adding these three top-ranked, best-performing and well-managed mutual funds to your retirement portfolio if you are looking to maximize returns.",https://staticx-tuner.zacks.com/images/default_article_images/default289.jpg,Zacks Commentary,n/a,www.zacks.com,"[{'topic': 'Finance', 'relevance_score': '1.0'}, {'topic': 'Financial Markets', 'relevance_score': '0.650727'}]",0.300574,Somewhat-Bullish,"[{'ticker': 'STT', 'relevance_score': '0.113062', 'ticker_sentiment_score': '0.08282', 'ticker_sentiment_label': 'Neutral'}]"
0,Mizuho Americas Invests in DirectBooks - Mizuho Financial Gr  ( NYSE:MFG ) ,https://www.benzinga.com/pressreleases/24/01/g36842237/mizuho-americas-invests-in-directbooks,20240130T130000,['Globe Newswire'],"NEW YORK, Jan. 30, 2024 ( GLOBE NEWSWIRE ) -- Mizuho Americas today announced its strategic investment in DirectBooks®, the leading primary markets communications platform. Through this investment, Mizuho will join the board of directors and work directly with other top-tier investment banks to ...",https://www.benzinga.com/next-assets/images/schema-image-default.png,Benzinga,News,www.benzinga.com,"[{'topic': 'Mergers & Acquisitions', 'relevance_score': '0.158519'}, {'topic': 'Finance', 'relevance_score': '1.0'}, {'topic': 'Financial Markets', 'relevance_score': '0.998356'}]",0.263847,Somewhat-Bullish,"[{'ticker': 'BCS', 'relevance_score': '0.087185', 'ticker_sentiment_score': '0.157975', 'ticker_sentiment_label': 'Somewhat-Bullish'}, {'ticker': 'C', 'relevance_score': '0.087185', 'ticker_sentiment_score': '0.157975', 'ticker_sentiment_label': 'Somewhat-Bullish'}, {'ticker': 'BAC', 'relevance_score': '0.087185', 'ticker_sentiment_score': '0.157975', 'ticker_sentiment_label': 'Somewhat-Bullish'}, {'ticker': 'WFC', 'relevance_score': '0.087185', 'ticker_sentiment_score': '0.157975', 'ticker_sentiment_label': 'Somewhat-Bullish'}, {'ticker': 'MS', 'relevance_score': '0.087185', 'ticker_sentiment_score': '0.157975', 'ticker_sentiment_label': 'Somewhat-Bullish'}, {'ticker': 'SPGI', 'relevance_score': '0.087185', 'ticker_sentiment_score': '0.085454', 'ticker_sentiment_label': 'Neutral'}, {'ticker': 'GS', 'relevance_score': '0.087185', 'ticker_sentiment_score': '0.157975', 'ticker_sentiment_label': 'Somewhat-Bullish'}, {'ticker': 'MFG', 'relevance_score': '0.087185', 'ticker_sentiment_score': '0.085454', 'ticker_sentiment_label': 'Neutral'}]"
0,HSBC fined US$73 million by UK watchdog for mismarked customer deposits,https://www.scmp.com/business/banking-finance/article/3250331/hsbc-fined-us73-million-uk-watchdog-prudential-regulation-authority-incorrectly-excluding-customers,20240130T125750,['Bloomberg'],HSBC Holdings was fined £57.4 million (US$73 million) by the UK for incorrectly excluding billions of pounds of its customers' money from a depositor protection programme.,https://cdn.i-scmp.com/sites/default/files/styles/768x768/public/d8/images/canvas/2024/01/30/846b40d0-7f9d-4467-8b2b-474ab043de2f_463ebc8b.jpg?itok=G-k8wG4V&v=1706619088,South China Morning Post,Companies,www.scmp.com,"[{'topic': 'Finance', 'relevance_score': '1.0'}]",0.063154,Neutral,"[{'ticker': 'HSBC', 'relevance_score': '0.60326', 'ticker_sentiment_score': '0.221647', 'ticker_sentiment_label': 'Somewhat-Bullish'}]"
0,"Fahmi Quadir, short seller nicknamed 'The Assassin,' takes aim at for-profit college giant Adtalem",https://www.cnbc.com/2024/01/30/-adtalem-targeted-by-short-seller-fahmi-quadir-nicknamed-the-assassin.html,20240130T125000,['Eamon Javers'],"Quadir predicts that Adtalem is wasting federal tax dollars on programs that are ineffective, and that it faces several significant financial threats.",https://image.cnbcfm.com/api/v1/image/107366052-1706569668076-gettyimages-956636684-CONTEXT_LEADERSHIP_SUMMIT.jpeg?v=1706569713&w=1920&h=1080,CNBC,Top News,www.cnbc.com,"[{'topic': 'Earnings', 'relevance_score': '0.360215'}, {'topic': 'Finance', 'relevance_score': '1.0'}, {'topic': 'Financial Markets', 'relevance_score': '0.316726'}]",0.0,Neutral,"[{'ticker': 'BLK', 'relevance_score': '0.03786', 'ticker_sentiment_score': '0.140438', 'ticker_sentiment_label': 'Neutral'}, {'ticker': 'NFLX', 'relevance_score': '0.03786', 'ticker_sentiment_score': '0.07153', 'ticker_sentiment_label': 'Neutral'}, {'ticker': 'ATGE', 'relevance_score': '0.03786', 'ticker_sentiment_score': '0.0', 'ticker_sentiment_label': 'Neutral'}]"
0,StoneX Becomes Abaxx Exchange's First Clearing and Trading Member to Expand Market Offering,https://www.globenewswire.com/news-release/2024/01/30/2819878/0/en/StoneX-Becomes-Abaxx-Exchange-s-First-Clearing-and-Trading-Member-to-Expand-Market-Offering.html,20240130T123900,['Abaxx Technologies Inc.'],StoneX will offer its clients access to Abaxx Exchange's physically deliverable commodities contracts to facilitate their energy transition needs StoneX will offer its clients access to Abaxx Exchange's physically deliverable commodities contracts to facilitate their energy transition needs ...,https://ml.globenewswire.com/Resource/Download/ba21b479-556d-4315-a710-2fb8b458438b,GlobeNewswire,n/a,www.globenewswire.com,"[{'topic': 'Economy - Monetary', 'relevance_score': '0.158519'}, {'topic': 'Finance', 'relevance_score': '1.0'}, {'topic': 'Financial Markets', 'relevance_score': '0.972756'}]",0.135892,Neutral,"[{'ticker': 'SNEX', 'relevance_score': '0.610505', 'ticker_sentiment_score': '0.17063', 'ticker_sentiment_label': 'Somewhat-Bullish'}, {'ticker': 'CURN', 'relevance_score': '0.023673', 'ticker_sentiment_score': '0.003805', 'ticker_sentiment_label': 'Neutral'}]"
0,"B. RILEY FINANCIAL, INC. SHAREHOLDER ALERT: Bernstein Liebhard LLP Announces that a Securities Class Action Lawsuit Has Been Filed Against B. Riley Financial, Inc.  ( NASDAQ: RILY )  - B. Riley Financial  ( NASDAQ:RILY ) ",https://www.benzinga.com/pressreleases/24/01/g36841474/b-riley-financial-inc-shareholder-alert-bernstein-liebhard-llp-announces-that-a-securities-class-a,20240130T121500,['Globe Newswire'],"NEW YORK, Jan. 30, 2024 ( GLOBE NEWSWIRE ) -- Bernstein Liebhard LLP: Do you, or did you, own shares of B. Riley Financial, Inc. RILY? Did you purchase your shares between May 10, 2023 and November 9, 2023, inclusive? Did you lose money in your investment in B. Riley Financial, Inc.?",https://www.benzinga.com/next-assets/images/schema-image-default.png,Benzinga,News,www.benzinga.com,"[{'topic': 'Mergers & Acquisitions', 'relevance_score': '0.108179'}, {'topic': 'Finance', 'relevance_score': '1.0'}, {'topic': 'Financial Markets', 'relevance_score': '0.986714'}]",0.002444,Neutral,"[{'ticker': 'FRGAP', 'relevance_score': '0.053629', 'ticker_sentiment_score': '-0.003001', 'ticker_sentiment_label': 'Neutral'}, {'ticker': 'NMR', 'relevance_score': '0.053629', 'ticker_sentiment_score': '-0.003001', 'ticker_sentiment_label': 'Neutral'}]"
0,"EY is tracking staff office attendance with 'turnstile access' data, as some teams disregard RTO mandates",https://www.businessinsider.com/ey-tracking-office-attendance-data-teams-disregard-rto-policies-2024-1,20240130T120800,['Sawdah Bhaimiya'],EY Tracking Office Attendance Data As Staff Disregard RTO Mandates: Report - Business Insider ...,,Business Insider,GoogleRSS,www.businessinsider.com,"[{'topic': 'Finance', 'relevance_score': '1.0'}]",0.028414,Neutral,"[{'ticker': 'C', 'relevance_score': '0.108466', 'ticker_sentiment_score': '-0.072867', 'ticker_sentiment_label': 'Neutral'}]"
0,Is Janus Henderson Enterprise I  ( JMGRX )  a Strong Mutual Fund Pick Right Now?,https://www.zacks.com/stock/news/2217644/is-janus-henderson-enterprise-i-jmgrx-a-strong-mutual-fund-pick-right-now,20240130T120005,['Zacks Equity Research'],Mutual Fund Report for ...,https://staticx-tuner.zacks.com/images/default_article_images/default21.jpg,Zacks Commentary,n/a,www.zacks.com,"[{'topic': 'Finance', 'relevance_score': '1.0'}, {'topic': 'Financial Markets', 'relevance_score': '0.413559'}]",0.038105,Neutral,"[{'ticker': 'JHG', 'relevance_score': '0.236396', 'ticker_sentiment_score': '0.06524', 'ticker_sentiment_label': 'Neutral'}]"
0,Cambridge Bancorp Announces Results for 2023 and Declares Quarterly Dividend,https://www.prnewswire.com/news-releases/cambridge-bancorp-announces-results-for-2023-and-declares-quarterly-dividend-302047493.html,20240130T120000,['Cambridge Bancorp'],"CAMBRIDGE, Mass., Jan. 30, 2024 /PRNewswire/ -- Cambridge Bancorp ( NASDAQ: CATC ) ( the ""Company"" ) , the parent company of Cambridge Trust Company, today announced unaudited net income of $34.1 million for the year ended December 31, 2023, a decrease of $18.8 million, or 35.5%, as compared to ...",https://mma.prnewswire.com/media/1219963/Cambridge_Bancorp_V1_Logo.jpg?p=facebook,PR Newswire,n/a,www.prnewswire.com,"[{'topic': 'Economy - Fiscal', 'relevance_score': '0.158519'}, {'topic': 'Financial Markets', 'relevance_score': '1.0'}, {'topic': 'Earnings', 'relevance_score': '1.0'}, {'topic': 'Mergers & Acquisitions', 'relevance_score': '0.495866'}, {'topic': 'Finance', 'relevance_score': '1.0'}]",0.231404,Somewhat-Bullish,"[{'ticker': 'CATC', 'relevance_score': '0.094638', 'ticker_sentiment_score': '0.069631', 'ticker_sentiment_label': 'Neutral'}, {'ticker': 'EBC', 'relevance_score': '0.01054', 'ticker_sentiment_score': '0.137624', 'ticker_sentiment_label': 'Neutral'}]"
0,Spotlight on CrowdStrike Holdings: Analyzing the Surge in Options Activity - CrowdStrike Holdings  ( NASDAQ:CRWD ) ,https://www.benzinga.com/insights/options/24/01/36846691/spotlight-on-crowdstrike-holdings-analyzing-the-surge-in-options-activity,20240130T144638,['Benzinga Insights'],"High-rolling investors have positioned themselves bullish on CrowdStrike Holdings CRWD, and it's important for retail traders to take note. \This activity came to our attention today through Benzinga's tracking of publicly available options data.",https://cdn.benzinga.com/files/images/story/2023/movers_image_5.jpeg?width=1200&height=800&fit=crop,Benzinga,Markets,www.benzinga.com,"[{'topic': 'IPO', 'relevance_score': '0.158519'}, {'topic': 'Financial Markets', 'relevance_score': '0.962106'}, {'topic': 'Earnings', 'relevance_score': '0.158519'}, {'topic': 'Technology', 'relevance_score': '0.5'}, {'topic': 'Finance', 'relevance_score': '0.5'}]",0.13087,Neutral,"[{'ticker': 'MS', 'relevance_score': '0.077845', 'ticker_sentiment_score': '-0.136968', 'ticker_sentiment_label': 'Neutral'}, {'ticker': 'CRWD', 'relevance_score': '0.796043', 'ticker_sentiment_score': '0.321945', 'ticker_sentiment_label': 'Somewhat-Bullish'}]"
0,Decoding Arista Networks's Options Activity: What's the Big Picture? - Arista Networks  ( NYSE:ANET ) ,https://www.benzinga.com/insights/options/24/01/36846686/decoding-arista-networkss-options-activity-whats-the-big-picture,20240130T144628,['Benzinga Insights'],"Financial giants have made a conspicuous bearish move on Arista Networks. Our analysis of options history for Arista Networks ANET revealed 10 unusual trades. Delving into the details, we found 30% of traders were bullish, while 70% showed bearish tendencies.",https://cdn.benzinga.com/files/images/story/2023/movers_image_1.jpeg?width=1200&height=800&fit=crop,Benzinga,Markets,www.benzinga.com,"[{'topic': 'Financial Markets', 'relevance_score': '0.316726'}, {'topic': 'Earnings', 'relevance_score': '0.158519'}, {'topic': 'Technology', 'relevance_score': '0.5'}, {'topic': 'Finance', 'relevance_score': '0.5'}]",0.120805,Neutral,"[{'ticker': 'MSFT', 'relevance_score': '0.086245', 'ticker_sentiment_score': '0.05851', 'ticker_sentiment_label': 'Neutral'}, {'ticker': 'META', 'relevance_score': '0.086245', 'ticker_sentiment_score': '0.05851', 'ticker_sentiment_label': 'Neutral'}, {'ticker': 'ANET', 'relevance_score': '0.766478', 'ticker_sentiment_score': '-0.067073', 'ticker_sentiment_label': 'Neutral'}, {'ticker': 'MS', 'relevance_score': '0.086245', 'ticker_sentiment_score': '-0.10903', 'ticker_sentiment_label': 'Neutral'}]"
0,"Microsoft, Alphabet stocks under pressure to show AI earnings boost",https://www.business-standard.com/world-news/microsoft-alphabet-stocks-under-pressure-to-show-ai-earnings-boost-124013000873_1.html,20240130T144101,['Bloomberg'],"For about a year, investors have bid up megacap tech shares on the theory that their exposure to artificial intelligence will usher in a new era of elevated growth and efficiency. Now the companies need to prove it.","https://bsmedia.business-standard.com/_media/bs/img/article/2024-01/30/full/1706624737-7616.png?im=Resize=(640,480)",Business Standard,GoogleRSS,www.business-standard.com,"[{'topic': 'Financial Markets', 'relevance_score': '0.266143'}, {'topic': 'Earnings', 'relevance_score': '0.928769'}, {'topic': 'Technology', 'relevance_score': '0.5'}, {'topic': 'Finance', 'relevance_score': '0.5'}]",0.097717,Neutral,"[{'ticker': 'MSFT', 'relevance_score': '0.384608', 'ticker_sentiment_score': '0.016157', 'ticker_sentiment_label': 'Neutral'}, {'ticker': 'GOOG', 'relevance_score': '0.057215', 'ticker_sentiment_score': '0.074021', 'ticker_sentiment_label': 'Neutral'}, {'ticker': 'UBS', 'relevance_score': '0.057215', 'ticker_sentiment_score': '-0.034018', 'ticker_sentiment_label': 'Neutral'}]"
0,"Morgan Stanley upgrades Bank of America, Goldman Sachs and Citi on 'lightened up' Basel III capital requirements",https://www.marketwatch.com/story/morgan-stanley-upgrades-bank-of-america-goldman-sachs-and-citi-on-lightened-up-basel-iii-capital-requirements-266707a3,20240130T142300,['Steve Gelsi'],"Analyst Betsy Graseck is ""back & bullish"" on banks on sunnier prospects for a ""significant increase in buybacks."" ...",https://images.mktw.net/im-53111258/social,MarketWatch,Top Stories,www.marketwatch.com,"[{'topic': 'Economy - Monetary', 'relevance_score': '0.310843'}, {'topic': 'IPO', 'relevance_score': '0.158519'}, {'topic': 'Mergers & Acquisitions', 'relevance_score': '0.158519'}, {'topic': 'Technology', 'relevance_score': '0.5'}, {'topic': 'Finance', 'relevance_score': '0.5'}]",0.137529,Neutral,"[{'ticker': 'C', 'relevance_score': '0.252987', 'ticker_sentiment_score': '0.269058', 'ticker_sentiment_label': 'Somewhat-Bullish'}, {'ticker': 'NTRS', 'relevance_score': '0.128135', 'ticker_sentiment_score': '0.147155', 'ticker_sentiment_label': 'Neutral'}, {'ticker': 'BAC', 'relevance_score': '0.19117', 'ticker_sentiment_score': '0.2037', 'ticker_sentiment_label': 'Somewhat-Bullish'}, {'ticker': 'RF', 'relevance_score': '0.128135', 'ticker_sentiment_score': '0.013859', 'ticker_sentiment_label': 'Neutral'}, {'ticker': 'SPOT', 'relevance_score': '0.064276', 'ticker_sentiment_score': '0.049024', 'ticker_sentiment_label': 'Neutral'}, {'ticker': 'WFC', 'relevance_score': '0.128135', 'ticker_sentiment_score': '-0.129533', 'ticker_sentiment_label': 'Neutral'}, {'ticker': 'MS', 'relevance_score': '0.313218', 'ticker_sentiment_score': '0.181258', 'ticker_sentiment_label': 'Somewhat-Bullish'}, {'ticker': 'BK', 'relevance_score': '0.19117', 'ticker_sentiment_score': '0.192694', 'ticker_sentiment_label': 'Somewhat-Bullish'}, {'ticker': 'GS', 'relevance_score': '0.19117', 'ticker_sentiment_score': '0.2037', 'ticker_sentiment_label': 'Somewhat-Bullish'}]"
0,What's Going On With SoFi Technologies Stock? - SoFi Techs  ( NASDAQ:SOFI ) ,https://www.benzinga.com/news/24/01/36845868/whats-going-on-with-sofi-technologies-stock,20240130T141532,['Adam Eckert'],SoFi Technologies Inc SOFI shares are in the spotlight Tuesday after the stock rallied more than 20% on Monday. Here's a look at what's going on. What To Know: SoFi reported better-than-expected financial results on Monday sending shares racing higher.,https://cdn.benzinga.com/files/images/story/2024/sofi-shutter2_0.jpeg?width=1200&height=800&fit=crop,Benzinga,News,www.benzinga.com,"[{'topic': 'Financial Markets', 'relevance_score': '0.365926'}, {'topic': 'Earnings', 'relevance_score': '0.972476'}, {'topic': 'Real Estate & Construction', 'relevance_score': '0.5'}, {'topic': 'Finance', 'relevance_score': '0.5'}]",0.269338,Somewhat-Bullish,"[{'ticker': 'IVZ', 'relevance_score': '0.077593', 'ticker_sentiment_score': '0.098267', 'ticker_sentiment_label': 'Neutral'}, {'ticker': 'SOFI', 'relevance_score': '0.373751', 'ticker_sentiment_score': '0.255559', 'ticker_sentiment_label': 'Somewhat-Bullish'}]"
0,BofA the Preeminent Leader in Greenwich Digital Transformation Benchmarking Study,https://www.prnewswire.com/news-releases/bofa-the-preeminent-leader-in-greenwich-digital-transformation-benchmarking-study-302047671.html,20240130T140000,['Bank of America Corporation'],"Innovations Within the CashPro® Platform Lead to Top Scores Within Digital Channels, Payments & Treasury Management Categories Company Also Receives 2023 Greenwich Excellence Awards for Digital Experience in Serving Large Corporate Clients",https://mma.prnewswire.com/media/1612970/Bank_of_America_Corporation_Logo.jpg?p=facebook,PR Newswire,n/a,www.prnewswire.com,"[{'topic': 'Real Estate & Construction', 'relevance_score': '0.5'}, {'topic': 'Finance', 'relevance_score': '0.5'}, {'topic': 'Financial Markets', 'relevance_score': '0.98396'}]",0.382504,Bullish,"[{'ticker': 'APG', 'relevance_score': '0.044551', 'ticker_sentiment_score': '0.062672', 'ticker_sentiment_label': 'Neutral'}, {'ticker': 'BAC', 'relevance_score': '0.6286', 'ticker_sentiment_score': '0.516094', 'ticker_sentiment_label': 'Bullish'}]"
0,Euronet Collaborates with Banco Guayaquil to Enhance Transaction Switching Solutions and Enable Advanced Banking Technology Integrations in Ecuador,https://www.globenewswire.com/news-release/2024/01/30/2820084/23467/en/Euronet-Collaborates-with-Banco-Guayaquil-to-Enhance-Transaction-Switching-Solutions-and-Enable-Advanced-Banking-Technology-Integrations-in-Ecuador.html,20240130T140000,"['Inc.', 'Euronet Worldwide']",Euronet today announced a multi-year agreement with Banco Guayaquil in Ecuador.,https://ml.globenewswire.com/Resource/Download/cbc2673f-d9f1-40cc-9065-ce35d0559391,GlobeNewswire,n/a,www.globenewswire.com,"[{'topic': 'Technology', 'relevance_score': '0.5'}, {'topic': 'Finance', 'relevance_score': '0.5'}]",0.346472,Somewhat-Bullish,"[{'ticker': 'MSFT', 'relevance_score': '0.04497', 'ticker_sentiment_score': '0.090552', 'ticker_sentiment_label': 'Neutral'}, {'ticker': 'AXP', 'relevance_score': '0.04497', 'ticker_sentiment_score': '0.291182', 'ticker_sentiment_label': 'Somewhat-Bullish'}, {'ticker': 'CURN', 'relevance_score': '0.04497', 'ticker_sentiment_score': '0.105257', 'ticker_sentiment_label': 'Neutral'}, {'ticker': 'GOOG', 'relevance_score': '0.04497', 'ticker_sentiment_score': '0.090552', 'ticker_sentiment_label': 'Neutral'}, {'ticker': 'MA', 'relevance_score': '0.04497', 'ticker_sentiment_score': '0.291182', 'ticker_sentiment_label': 'Somewhat-Bullish'}]"
0,"Homebase Continues Leadership Expansion, Appointing Philip Moon as Chief Financial Officer",https://www.prnewswire.com/news-releases/homebase-continues-leadership-expansion-appointing-philip-moon-as-chief-financial-officer-302047618.html,20240130T140000,['Homebase'],"Co-founder Rushi Patel steps into role as Chief Revenue Officer, driving Homebase's ambitious product expansion and growth plans",https://mma.prnewswire.com/media/2068299/Homebase_Logo.jpg?p=facebook,PR Newswire,n/a,www.prnewswire.com,"[{'topic': 'IPO', 'relevance_score': '0.158519'}, {'topic': 'Financial Markets', 'relevance_score': '0.158519'}, {'topic': 'Earnings', 'relevance_score': '0.684621'}, {'topic': 'Technology', 'relevance_score': '0.5'}, {'topic': 'Finance', 'relevance_score': '0.5'}]",0.3442,Somewhat-Bullish,"[{'ticker': 'HLFFF', 'relevance_score': '0.066784', 'ticker_sentiment_score': '0.044063', 'ticker_sentiment_label': 'Neutral'}, {'ticker': 'SHOP', 'relevance_score': '0.066784', 'ticker_sentiment_score': '0.044063', 'ticker_sentiment_label': 'Neutral'}, {'ticker': 'GROV', 'relevance_score': '0.066784', 'ticker_sentiment_score': '0.163846', 'ticker_sentiment_label': 'Somewhat-Bullish'}, {'ticker': 'MS', 'relevance_score': '0.066784', 'ticker_sentiment_score': '0.163846', 'ticker_sentiment_label': 'Somewhat-Bullish'}]"
0,Farmers share how they use regenerative agriculture to address the climate and food crisis - Canada NewsWire,https://www.newswire.ca/news-releases/farmers-share-how-they-use-regenerative-agriculture-to-address-the-climate-and-food-crisis-870677297.html,20240130T131400,[],Farmers share how they use regenerative agriculture to address the climate and food crisis Canada ...,,Canada Newswire,n/a,www.newswire.ca,"[{'topic': 'Technology', 'relevance_score': '0.5'}, {'topic': 'Finance', 'relevance_score': '0.5'}]",0.380824,Bullish,"[{'ticker': 'GOOG', 'relevance_score': '0.103778', 'ticker_sentiment_score': '0.124737', 'ticker_sentiment_label': 'Neutral'}, {'ticker': 'META', 'relevance_score': '0.103778', 'ticker_sentiment_score': '0.124737', 'ticker_sentiment_label': 'Neutral'}, {'ticker': 'FXNC', 'relevance_score': '0.103778', 'ticker_sentiment_score': '0.196325', 'ticker_sentiment_label': 'Somewhat-Bullish'}]"
0,HCA's stock jumps as fourth-quarter results top expectations,https://www.marketwatch.com/story/hcas-stock-jumps-as-fourth-quarter-results-top-expectations-db649f56,20240130T130000,['Eleanor Laise'],HCA Healthcare's stock jumped early Tuesday after the hospital operator reported fourth-quarter results that topped expectations.,https://images.mktw.net/im-444891/social,MarketWatch,Top Stories,www.marketwatch.com,"[{'topic': 'Earnings', 'relevance_score': '0.614606'}, {'topic': 'Life Sciences', 'relevance_score': '0.5'}, {'topic': 'Finance', 'relevance_score': '0.5'}]",0.237769,Somewhat-Bullish,"[{'ticker': 'HUM', 'relevance_score': '0.282234', 'ticker_sentiment_score': '0.195115', 'ticker_sentiment_label': 'Somewhat-Bullish'}, {'ticker': 'THC', 'relevance_score': '0.282234', 'ticker_sentiment_score': '0.195115', 'ticker_sentiment_label': 'Somewhat-Bullish'}, {'ticker': 'UNH', 'relevance_score': '0.282234', 'ticker_sentiment_score': '0.195115', 'ticker_sentiment_label': 'Somewhat-Bullish'}, {'ticker': 'HCA', 'relevance_score': '0.896158', 'ticker_sentiment_score': '0.40321', 'ticker_sentiment_label': 'Bullish'}]"
0,Cathie Wood Just Bought the Dip on This Incredible Artificial Intelligence  ( AI )  Growth Stock. Here's Why I Think That's a Smart Move,https://www.fool.com/investing/2024/01/30/cathie-wood-just-bought-the-dip-in-this-incredible/,20240130T124500,['Adam Spatacco'],"Following an analyst downgrade on Palantir, the Ark Invest boss scooped up another 1 million shares for her exchange-traded funds.",https://g.foolcdn.com/image/?url=https%3A%2F%2Fg.foolcdn.com%2Feditorial%2Fimages%2F762737%2Fai-artificial-intelligence-in-circle-on-keyboard.jpg&op=resize&w=700,Motley Fool,n/a,www.fool.com,"[{'topic': 'Financial Markets', 'relevance_score': '0.977154'}, {'topic': 'Earnings', 'relevance_score': '0.161647'}, {'topic': 'Technology', 'relevance_score': '0.5'}, {'topic': 'Finance', 'relevance_score': '0.5'}]",0.332385,Somewhat-Bullish,"[{'ticker': 'MDB', 'relevance_score': '0.04872', 'ticker_sentiment_score': '0.065261', 'ticker_sentiment_label': 'Neutral'}, {'ticker': 'BFC', 'relevance_score': '0.04872', 'ticker_sentiment_score': '0.013', 'ticker_sentiment_label': 'Neutral'}, {'ticker': 'MS', 'relevance_score': '0.04872', 'ticker_sentiment_score': '0.074791', 'ticker_sentiment_label': 'Neutral'}, {'ticker': 'DDOG', 'relevance_score': '0.04872', 'ticker_sentiment_score': '0.065261', 'ticker_sentiment_label': 'Neutral'}, {'ticker': 'NOW', 'relevance_score': '0.04872', 'ticker_sentiment_score': '0.065261', 'ticker_sentiment_label': 'Neutral'}, {'ticker': 'PLTR', 'relevance_score': '0.097259', 'ticker_sentiment_score': '0.268628', 'ticker_sentiment_label': 'Somewhat-Bullish'}]"
0,Food-delivery group stocks go stale after discount sale,https://www.marketwatch.com/story/food-delivery-group-stocks-go-stale-after-discount-sale-8426a13a,20240130T121100,['Jamie Chisholm'],Shares of European food-delivery groups fell sharply Tuesday after the discounted sale of a big share stake raised questions about the market's valuation of the sector.,https://images.mktw.net/im-316291/social,MarketWatch,Top Stories,www.marketwatch.com,"[{'topic': 'Finance', 'relevance_score': '0.5'}, {'topic': 'Financial Markets', 'relevance_score': '0.161647'}, {'topic': 'Manufacturing', 'relevance_score': '0.5'}]",0.026391,Neutral,"[{'ticker': 'HLFFF', 'relevance_score': '0.082677', 'ticker_sentiment_score': '-0.111776', 'ticker_sentiment_label': 'Neutral'}, {'ticker': 'BABWF', 'relevance_score': '0.082677', 'ticker_sentiment_score': '0.097017', 'ticker_sentiment_label': 'Neutral'}, {'ticker': 'DROOF', 'relevance_score': '0.082677', 'ticker_sentiment_score': '0.056085', 'ticker_sentiment_label': 'Neutral'}, {'ticker': 'DLVHF', 'relevance_score': '0.244518', 'ticker_sentiment_score': '0.003802', 'ticker_sentiment_label': 'Neutral'}, {'ticker': 'MS', 'relevance_score': '0.164468', 'ticker_sentiment_score': '0.185488', 'ticker_sentiment_label': 'Somewhat-Bullish'}, {'ticker': 'DEO', 'relevance_score': '0.082677', 'ticker_sentiment_score': '-0.145538', 'ticker_sentiment_label': 'Neutral'}]"
0,Corning Reports Fourth-Quarter and Full-Year 2023 Financial Results,https://www.globenewswire.com/news-release/2024/01/30/2819826/0/en/Corning-Reports-Fourth-Quarter-and-Full-Year-2023-Financial-Results.html,20240130T121000,['Corning Incorporated'],"Fourth-quarter results demonstrate continued progress restoring productivity ratios to historical levels and raising price to offset inflation. Despite lower sales, fourth-quarter GAAP and core gross margin each improved by more than 300 basis points year over year and cash generation ...",,GlobeNewswire,n/a,www.globenewswire.com,"[{'topic': 'Economy - Monetary', 'relevance_score': '0.158519'}, {'topic': 'Economy - Fiscal', 'relevance_score': '0.158519'}, {'topic': 'Financial Markets', 'relevance_score': '0.875462'}, {'topic': 'Manufacturing', 'relevance_score': '0.5'}, {'topic': 'Earnings', 'relevance_score': '1.0'}, {'topic': 'Finance', 'relevance_score': '0.5'}]",0.150063,Somewhat-Bullish,"[{'ticker': 'MS', 'relevance_score': '0.014595', 'ticker_sentiment_score': '0.0', 'ticker_sentiment_label': 'Neutral'}, {'ticker': 'GLW', 'relevance_score': '0.05833', 'ticker_sentiment_score': '0.113002', 'ticker_sentiment_label': 'Neutral'}, {'ticker': 'FOREX:TWD', 'relevance_score': '0.014595', 'ticker_sentiment_score': '-0.045485', 'ticker_sentiment_label': 'Neutral'}, {'ticker': 'FOREX:KRW', 'relevance_score': '0.014595', 'ticker_sentiment_score': '-0.045485', 'ticker_sentiment_label': 'Neutral'}, {'ticker': 'FOREX:JPY', 'relevance_score': '0.043764', 'ticker_sentiment_score': '0.003998', 'ticker_sentiment_label': 'Neutral'}, {'ticker': 'FOREX:EUR', 'relevance_score': '0.014595', 'ticker_sentiment_score': '-0.045485', 'ticker_sentiment_label': 'Neutral'}, {'ticker': 'FOREX:CNY', 'relevance_score': '0.014595', 'ticker_sentiment_score': '-0.045485', 'ticker_sentiment_label': 'Neutral'}, {'ticker': 'FOREX:USD', 'relevance_score': '0.029184', 'ticker_sentiment_score': '-0.041657', 'ticker_sentiment_label': 'Neutral'}]"
0,"Goldman Sachs, AbbVie And A Major Chipmaker: CNBC's 'Final Trades' - AbbVie  ( NYSE:ABBV ) , Goldman Sachs Gr  ( NYSE:GS ) ",https://www.benzinga.com/trading-ideas/long-ideas/24/01/36838789/goldman-sachs-abbvie-and-a-major-chipmaker-cnbcs-final-trades,20240130T140014,['Avi Kapoor'],"On CNBC's ""Halftime Report Final Trades,"" Steve Weiss of Short Hills Capital Partners said Taiwan Semiconductor Manufacturing Company Limited TSM goes higher. Taiwan Semiconductor Manufacturing is reportedly eyeing its second Japanese plant in the same town as its first in Kumamoto prefecture.",https://cdn.benzinga.com/files/images/story/2024/01/30/analyst_trader_shutter.jpg?width=1200&height=800&fit=crop,Benzinga,Trading,www.benzinga.com,"[{'topic': 'Life Sciences', 'relevance_score': '0.333333'}, {'topic': 'Financial Markets', 'relevance_score': '0.108179'}, {'topic': 'Manufacturing', 'relevance_score': '0.333333'}, {'topic': 'Earnings', 'relevance_score': '0.744043'}, {'topic': 'Finance', 'relevance_score': '0.333333'}]",0.214773,Somewhat-Bullish,"[{'ticker': 'NVDA', 'relevance_score': '0.132368', 'ticker_sentiment_score': '-0.051927', 'ticker_sentiment_label': 'Neutral'}, {'ticker': 'ABBV', 'relevance_score': '0.595343', 'ticker_sentiment_score': '0.409764', 'ticker_sentiment_label': 'Bullish'}, {'ticker': 'VRTS', 'relevance_score': '0.132368', 'ticker_sentiment_score': '0.0', 'ticker_sentiment_label': 'Neutral'}, {'ticker': 'GS', 'relevance_score': '0.495015', 'ticker_sentiment_score': '0.590392', 'ticker_sentiment_label': 'Bullish'}, {'ticker': 'TSM', 'relevance_score': '0.495015', 'ticker_sentiment_score': '-0.179857', 'ticker_sentiment_label': 'Somewhat-Bearish'}]"
0,General Assembly Launches Suite of Upskilling Programs to Prepare Businesses for an AI-Driven Economy,https://www.prnewswire.com/news-releases/general-assembly-launches-suite-of-upskilling-programs-to-prepare-businesses-for-an-ai-driven-economy-302047685.html,20240130T140000,['General Assembly'],"As generative AI reshapes the global world of work, new initiative from tech talent pioneer will accelerate AI fluency across the enterprise",https://mma.prnewswire.com/media/599040/General_Assembly_Logo.jpg?p=facebook,PR Newswire,n/a,www.prnewswire.com,"[{'topic': 'Technology', 'relevance_score': '0.333333'}, {'topic': 'Finance', 'relevance_score': '0.333333'}, {'topic': 'Manufacturing', 'relevance_score': '0.333333'}]",0.264887,Somewhat-Bullish,"[{'ticker': 'MSFT', 'relevance_score': '0.05833', 'ticker_sentiment_score': '0.123026', 'ticker_sentiment_label': 'Neutral'}, {'ticker': 'NYT', 'relevance_score': '0.05833', 'ticker_sentiment_score': '0.191002', 'ticker_sentiment_label': 'Somewhat-Bullish'}, {'ticker': 'HUM', 'relevance_score': '0.05833', 'ticker_sentiment_score': '0.123026', 'ticker_sentiment_label': 'Neutral'}]"
0,"Did You Miss These 3 High-Yielding Dividend Stocks In Health Care Sector From Wall Street's Most Accurate Analysts? - CVS Health  ( NYSE:CVS ) , Bristol-Myers Squibb  ( NYSE:BMY ) ",https://www.benzinga.com/news/24/01/36842103/did-you-miss-these-3-high-yielding-dividend-stocks-in-health-care-sector-from-wall-streets-most-accu,20240130T124937,['Avi Kapoor'],"During times of turbulence and uncertainty in the markets, many investors turn to dividend-yielding stocks. These are often companies that have high free cash flows and reward shareholders with a high dividend payout.",https://cdn.benzinga.com/files/images/story/2024/01/30/image17.jpg?width=1200&height=800&fit=crop,Benzinga,Trading,www.benzinga.com,"[{'topic': 'Life Sciences', 'relevance_score': '0.333333'}, {'topic': 'Retail & Wholesale', 'relevance_score': '0.333333'}, {'topic': 'Financial Markets', 'relevance_score': '0.980922'}, {'topic': 'Finance', 'relevance_score': '0.333333'}]",0.01895,Neutral,"[{'ticker': 'CVS', 'relevance_score': '0.102013', 'ticker_sentiment_score': '0.0', 'ticker_sentiment_label': 'Neutral'}, {'ticker': 'MS', 'relevance_score': '0.202366', 'ticker_sentiment_score': '-0.157495', 'ticker_sentiment_label': 'Somewhat-Bearish'}, {'ticker': 'BMY', 'relevance_score': '0.102013', 'ticker_sentiment_score': '0.092927', 'ticker_sentiment_label': 'Neutral'}, {'ticker': 'OGN', 'relevance_score': '0.102013', 'ticker_sentiment_score': '0.0', 'ticker_sentiment_label': 'Neutral'}]"
0,"SLB, Coinbase And 2 Other Stocks Insiders Are Selling - Schlumberger  ( NYSE:SLB ) , Coinbase Glb  ( NASDAQ:COIN ) ",https://www.benzinga.com/news/24/01/36842102/slb-coinbase-and-2-other-stocks-insiders-are-selling,20240130T124903,['Avi Kapoor'],"The Nasdaq 100 closed higher by around 1% on Monday. Investors, meanwhile, focused on some notable insider trades. When insiders sell shares, it could be a preplanned sale, or could indicate their concern in the company's prospects or that they view the stock as being overpriced.",https://cdn.benzinga.com/files/images/story/2024/01/30/slb_-_logo.jpg?width=1200&height=800&fit=crop,Benzinga,Trading,www.benzinga.com,"[{'topic': 'Financial Markets', 'relevance_score': '0.214378'}, {'topic': 'Manufacturing', 'relevance_score': '0.333333'}, {'topic': 'Earnings', 'relevance_score': '0.495866'}, {'topic': 'Energy & Transportation', 'relevance_score': '0.333333'}, {'topic': 'Finance', 'relevance_score': '0.333333'}, {'topic': 'Blockchain', 'relevance_score': '0.158519'}]",0.218196,Somewhat-Bullish,"[{'ticker': 'SLB', 'relevance_score': '0.18046', 'ticker_sentiment_score': '0.212204', 'ticker_sentiment_label': 'Somewhat-Bullish'}, {'ticker': 'ZIONL', 'relevance_score': '0.267804', 'ticker_sentiment_score': '0.150786', 'ticker_sentiment_label': 'Somewhat-Bullish'}, {'ticker': 'TMST', 'relevance_score': '0.431554', 'ticker_sentiment_score': '0.206965', 'ticker_sentiment_label': 'Somewhat-Bullish'}, {'ticker': 'COIN', 'relevance_score': '0.431554', 'ticker_sentiment_score': '0.455954', 'ticker_sentiment_label': 'Bullish'}]"
0,4 Best Breakout Stocks to Buy for Superlative Returns,https://www.zacks.com/stock/news/2217658/4-best-breakout-stocks-to-buy-for-superlative-returns,20240130T122500,['Tirthankar Chakraborty'],"Universal Technical Institute (UTI), Puma Biotechnology (PBYI), Nomura (NMR) and Navigator Holdings (NVGS) have been selected as the breakout stocks for today.",https://staticx-tuner.zacks.com/images/articles/main/03/29840.jpg,Zacks Commentary,n/a,www.zacks.com,"[{'topic': 'Life Sciences', 'relevance_score': '0.333333'}, {'topic': 'Financial Markets', 'relevance_score': '0.692272'}, {'topic': 'Earnings', 'relevance_score': '0.983605'}, {'topic': 'Energy & Transportation', 'relevance_score': '0.333333'}, {'topic': 'Finance', 'relevance_score': '0.333333'}]",0.193213,Somewhat-Bullish,"[{'ticker': 'NVGS', 'relevance_score': '0.23907', 'ticker_sentiment_score': '0.062204', 'ticker_sentiment_label': 'Neutral'}, {'ticker': 'NMR', 'relevance_score': '0.23907', 'ticker_sentiment_score': '0.1156', 'ticker_sentiment_label': 'Neutral'}, {'ticker': 'UTI', 'relevance_score': '0.23907', 'ticker_sentiment_score': '0.001811', 'ticker_sentiment_label': 'Neutral'}, {'ticker': 'PBYI', 'relevance_score': '0.23907', 'ticker_sentiment_score': '0.071107', 'ticker_sentiment_label': 'Neutral'}]"
0,"Why Super Micro Computer Shares Are Trading Higher By Over 10%; Here Are 20 Stocks Moving Premarket - Addex Therapeutics  ( NASDAQ:ADXN ) , Agrify  ( NASDAQ:AGFY ) ",https://www.benzinga.com/news/24/01/36842111/why-super-micro-computer-shares-are-trading-higher-by-over-10-here-are-20-stocks-moving-premarket,20240130T125214,['Avi Kapoor'],"Shares of Super Micro Computer, Inc. SMCI shares rose sharply in today's pre-market trading as the company posted upbeat results for its second quarter. Super Micro Computer reported quarterly earnings of $5.59 per share, beating the analyst consensus estimate of $4.93.",https://cdn.benzinga.com/files/images/story/2024/01/30/super_micro_computer_-_logo.jpg?width=1200&height=800&fit=crop,Benzinga,Trading,www.benzinga.com,"[{'topic': 'Life Sciences', 'relevance_score': '0.25'}, {'topic': 'Technology', 'relevance_score': '0.25'}, {'topic': 'Finance', 'relevance_score': '0.25'}, {'topic': 'IPO', 'relevance_score': '0.451494'}, {'topic': 'Financial Markets', 'relevance_score': '0.865346'}, {'topic': 'Manufacturing', 'relevance_score': '0.25'}, {'topic': 'Earnings', 'relevance_score': '0.875462'}]",0.215181,Somewhat-Bullish,"[{'ticker': 'AHG', 'relevance_score': '0.141726', 'ticker_sentiment_score': '0.214019', 'ticker_sentiment_label': 'Somewhat-Bullish'}, {'ticker': 'SIDU', 'relevance_score': '0.211191', 'ticker_sentiment_score': '0.210285', 'ticker_sentiment_label': 'Somewhat-Bullish'}, {'ticker': 'IVP', 'relevance_score': '0.211191', 'ticker_sentiment_score': '0.053359', 'ticker_sentiment_label': 'Neutral'}, {'ticker': 'SMCI', 'relevance_score': '0.279015', 'ticker_sentiment_score': '0.197312', 'ticker_sentiment_label': 'Somewhat-Bullish'}, {'ticker': 'SXTP', 'relevance_score': '0.211191', 'ticker_sentiment_score': '-0.026524', 'ticker_sentiment_label': 'Neutral'}, {'ticker': 'ADXN', 'relevance_score': '0.141726', 'ticker_sentiment_score': '-0.019368', 'ticker_sentiment_label': 'Neutral'}, {'ticker': 'AGFY', 'relevance_score': '0.141726', 'ticker_sentiment_score': '0.157439', 'ticker_sentiment_label': 'Somewhat-Bullish'}, {'ticker': 'SANM', 'relevance_score': '0.141726', 'ticker_sentiment_score': '0.345436', 'ticker_sentiment_label': 'Somewhat-Bullish'}, {'ticker': 'FFIV', 'relevance_score': '0.141726', 'ticker_sentiment_score': '0.291814', 'ticker_sentiment_label': 'Somewhat-Bullish'}, {'ticker': 'MRIN', 'relevance_score': '0.141726', 'ticker_sentiment_score': '0.241433', 'ticker_sentiment_label': 'Somewhat-Bullish'}, {'ticker': 'CGEM', 'relevance_score': '0.141726', 'ticker_sentiment_score': '0.205648', 'ticker_sentiment_label': 'Somewhat-Bullish'}, {'ticker': 'ONMD', 'relevance_score': '0.141726', 'ticker_sentiment_score': '-0.058255', 'ticker_sentiment_label': 'Neutral'}, {'ticker': 'CALX', 'relevance_score': '0.141726', 'ticker_sentiment_score': '-0.054214', 'ticker_sentiment_label': 'Neutral'}, {'ticker': 'CNSP', 'relevance_score': '0.141726', 'ticker_sentiment_score': '-0.044198', 'ticker_sentiment_label': 'Neutral'}, {'ticker': 'ATPC', 'relevance_score': '0.141726', 'ticker_sentiment_score': '0.359953', 'ticker_sentiment_label': 'Bullish'}, {'ticker': 'PTPI', 'relevance_score': '0.211191', 'ticker_sentiment_score': '0.267737', 'ticker_sentiment_label': 'Somewhat-Bullish'}, {'ticker': 'CISS', 'relevance_score': '0.141726', 'ticker_sentiment_score': '0.106783', 'ticker_sentiment_label': 'Neutral'}, {'ticker': 'REVB', 'relevance_score': '0.141726', 'ticker_sentiment_score': '0.323568', 'ticker_sentiment_label': 'Somewhat-Bullish'}, {'ticker': 'IFBD', 'relevance_score': '0.141726', 'ticker_sentiment_score': '-0.014798', 'ticker_sentiment_label': 'Neutral'}, {'ticker': 'NYXH', 'relevance_score': '0.141726', 'ticker_sentiment_score': '-0.058255', 'ticker_sentiment_label': 'Neutral'}]"
0,These 5 Price-to-Sales Stocks Can Be Rewarding Investments,https://www.zacks.com/stock/news/2217673/these-5-price-to-sales-stocks-can-be-rewarding-investments,20240130T123500,['Rajani Lohia'],"The price-to-sales ratio is a convenient tool to gauge the value of stocks incurring losses or in an early development cycle. Stocks like PAGS, BCC, NOAH, AVA and FHN hold promise.",https://staticx-tuner.zacks.com/images/articles/main/65/56840.jpg,Zacks Commentary,n/a,www.zacks.com,"[{'topic': 'Energy & Transportation', 'relevance_score': '0.25'}, {'topic': 'Technology', 'relevance_score': '0.25'}, {'topic': 'Finance', 'relevance_score': '0.25'}, {'topic': 'Retail & Wholesale', 'relevance_score': '0.25'}, {'topic': 'Financial Markets', 'relevance_score': '1.0'}, {'topic': 'Earnings', 'relevance_score': '0.938238'}, {'topic': 'Mergers & Acquisitions', 'relevance_score': '0.360215'}]",0.26956,Somewhat-Bullish,"[{'ticker': 'PAGS', 'relevance_score': '0.147637', 'ticker_sentiment_score': '0.055876', 'ticker_sentiment_label': 'Neutral'}, {'ticker': 'BCC', 'relevance_score': '0.176717', 'ticker_sentiment_score': '0.129183', 'ticker_sentiment_label': 'Neutral'}, {'ticker': 'AVA', 'relevance_score': '0.176717', 'ticker_sentiment_score': '0.100179', 'ticker_sentiment_label': 'Neutral'}, {'ticker': 'NOAH', 'relevance_score': '0.118354', 'ticker_sentiment_score': '0.154431', 'ticker_sentiment_label': 'Somewhat-Bullish'}, {'ticker': 'FHN', 'relevance_score': '0.317775', 'ticker_sentiment_score': '0.353113', 'ticker_sentiment_label': 'Bullish'}]"
0,"Meta To Rally Around 16%? Here Are 10 Top Analyst Forecasts For Tuesday - Bank of America  ( NYSE:BAC ) , F5  ( NASDAQ:FFIV ) ",https://www.benzinga.com/news/24/01/36841469/meta-to-rally-around-16-here-are-10-top-analyst-forecasts-for-tuesday,20240130T121514,['Avi Kapoor'],"Top Wall Street analysts changed their outlook on these top names. For a complete view of all analyst rating changes, including upgrades and downgrades, please see our analyst ratings page. Morgan Stanley raised Wells Fargo & Company WFC price target from $54 to $63.",https://cdn.benzinga.com/files/images/story/2024/01/30/meta_platforms_-_logo.jpg?width=1200&height=800&fit=crop,Benzinga,Trading,www.benzinga.com,"[{'topic': 'Life Sciences', 'relevance_score': '0.25'}, {'topic': 'Retail & Wholesale', 'relevance_score': '0.25'}, {'topic': 'Financial Markets', 'relevance_score': '0.692272'}, {'topic': 'Technology', 'relevance_score': '0.25'}, {'topic': 'Finance', 'relevance_score': '0.25'}]",0.163032,Somewhat-Bullish,"[{'ticker': 'META', 'relevance_score': '0.164468', 'ticker_sentiment_score': '0.152909', 'ticker_sentiment_label': 'Somewhat-Bullish'}, {'ticker': 'FIVE', 'relevance_score': '0.244518', 'ticker_sentiment_score': '0.013583', 'ticker_sentiment_label': 'Neutral'}, {'ticker': 'BCS', 'relevance_score': '0.164468', 'ticker_sentiment_score': '-0.097483', 'ticker_sentiment_label': 'Neutral'}, {'ticker': 'BAC', 'relevance_score': '0.244518', 'ticker_sentiment_score': '0.211409', 'ticker_sentiment_label': 'Somewhat-Bullish'}, {'ticker': 'SPOT', 'relevance_score': '0.244518', 'ticker_sentiment_score': '0.317887', 'ticker_sentiment_label': 'Somewhat-Bullish'}, {'ticker': 'WFC', 'relevance_score': '0.396261', 'ticker_sentiment_score': '-0.021812', 'ticker_sentiment_label': 'Neutral'}, {'ticker': 'MS', 'relevance_score': '0.466609', 'ticker_sentiment_score': '0.173145', 'ticker_sentiment_label': 'Somewhat-Bullish'}, {'ticker': 'FFIV', 'relevance_score': '0.164468', 'ticker_sentiment_score': '0.162809', 'ticker_sentiment_label': 'Somewhat-Bullish'}, {'ticker': 'HXL', 'relevance_score': '0.244518', 'ticker_sentiment_score': '-0.131369', 'ticker_sentiment_label': 'Neutral'}, {'ticker': 'STEL', 'relevance_score': '0.244518', 'ticker_sentiment_score': '0.232507', 'ticker_sentiment_label': 'Somewhat-Bullish'}]"
0,"Bitcoin, Ethereum, Dogecoin Rise As Crypto Shorts Face Liquidations?; Meta Gets 22% Price Target Boost Ahead Of Q4 Results As Analyst Pins Hopes On Ad Market Recovery, Reels Strength - Top Headlines Today While US Was Sleeping",https://www.benzinga.com/news/24/01/36846360/bitcoin-ethereum-dogecoin-rise-as-crypto-shorts-face-liquidations-meta-gets-22-price-target-boost-ah,20240130T143233,['Akanksha Bakshi'],"Floki Tackles Regulatory Concerns In Hong Kong, Implements High-Yield Staking Program Safeguards 'Dogecoin Killer' Shiba Inu Burn Rate Skyrockets Over 1,500% On New Plan To Integrate 1000 New Projects To Shibarium Neuralink-Inspired Token Soars 3400% After Elon Musk Announces First Human Implant",https://cdn.benzinga.com/files/images/story/2024/news-Photo-by-PIRO-from-Pixabay_1.jpeg?width=1200&height=800&fit=crop,Benzinga,News,www.benzinga.com,"[{'topic': 'Life Sciences', 'relevance_score': '0.2'}, {'topic': 'Technology', 'relevance_score': '0.2'}, {'topic': 'Finance', 'relevance_score': '0.2'}, {'topic': 'IPO', 'relevance_score': '0.310843'}, {'topic': 'Retail & Wholesale', 'relevance_score': '0.2'}, {'topic': 'Financial Markets', 'relevance_score': '0.999612'}, {'topic': 'Manufacturing', 'relevance_score': '0.2'}, {'topic': 'Earnings', 'relevance_score': '0.744043'}]",-0.031865,Neutral,"[{'ticker': 'MSFT', 'relevance_score': '0.042647', 'ticker_sentiment_score': '0.028757', 'ticker_sentiment_label': 'Neutral'}, {'ticker': 'GOOG', 'relevance_score': '0.042647', 'ticker_sentiment_score': '0.0', 'ticker_sentiment_label': 'Neutral'}, {'ticker': 'RNSDF', 'relevance_score': '0.042647', 'ticker_sentiment_score': '0.115531', 'ticker_sentiment_label': 'Neutral'}, {'ticker': 'TSLA', 'relevance_score': '0.127456', 'ticker_sentiment_score': '0.037066', 'ticker_sentiment_label': 'Neutral'}, {'ticker': 'SBUX', 'relevance_score': '0.042647', 'ticker_sentiment_score': '0.0', 'ticker_sentiment_label': 'Neutral'}, {'ticker': 'GM', 'relevance_score': '0.042647', 'ticker_sentiment_score': '0.033003', 'ticker_sentiment_label': 'Neutral'}, {'ticker': 'SMCI', 'relevance_score': '0.042647', 'ticker_sentiment_score': '0.133362', 'ticker_sentiment_label': 'Neutral'}, {'ticker': 'RCUS', 'relevance_score': '0.042647', 'ticker_sentiment_score': '0.0', 'ticker_sentiment_label': 'Neutral'}, {'ticker': 'IVZ', 'relevance_score': '0.042647', 'ticker_sentiment_score': '-0.103553', 'ticker_sentiment_label': 'Neutral'}, {'ticker': 'TCTZF', 'relevance_score': '0.042647', 'ticker_sentiment_score': '-0.088874', 'ticker_sentiment_label': 'Neutral'}, {'ticker': 'BA', 'relevance_score': '0.042647', 'ticker_sentiment_score': '0.260983', 'ticker_sentiment_label': 'Somewhat-Bullish'}, {'ticker': 'DEO', 'relevance_score': '0.042647', 'ticker_sentiment_score': '-0.439307', 'ticker_sentiment_label': 'Bearish'}, {'ticker': 'CRYPTO:BTC', 'relevance_score': '0.085173', 'ticker_sentiment_score': '-0.059073', 'ticker_sentiment_label': 'Neutral'}, {'ticker': 'CRYPTO:ETH', 'relevance_score': '0.042647', 'ticker_sentiment_score': '0.0', 'ticker_sentiment_label': 'Neutral'}, {'ticker': 'CRYPTO:SHIB', 'relevance_score': '0.042647', 'ticker_sentiment_score': '-0.310397', 'ticker_sentiment_label': 'Somewhat-Bearish'}, {'ticker': 'CRYPTO:DOGE', 'relevance_score': '0.085173', 'ticker_sentiment_score': '-0.186306', 'ticker_sentiment_label': 'Somewhat-Bearish'}]"
0,"Paws And Prosperity: Exploring U.S. Pet Services Growth And The Anticipated Surge In Annual Pet Spending From $980 To $1,292 By 2025 - Chewy  ( NYSE:CHWY ) , Amazon.com  ( NASDAQ:AMZN ) ",https://www.benzinga.com/markets/penny-stocks/24/01/36842775/paws-and-prosperity-exploring-u-s-pet-services-growth-and-the-anticipated-surge-in-annual-pe,20240130T131136,['Austin DeNoce'],"The number of U.S. homes with pets has been trending upward for decades, with more than 5 million more pets in the U.S. than before the pandemic. Beyond the pandemic-driven boom, the trends continue, driven by changing social dynamics as well as technological advancements.",https://cdn.benzinga.com/files/images/story/2024/01/30/screenshot_2024-01-30_at_6.40.08_pm.png?width=1200&height=800&fit=crop,Benzinga,Markets,www.benzinga.com,"[{'topic': 'Life Sciences', 'relevance_score': '0.2'}, {'topic': 'Retail & Wholesale', 'relevance_score': '0.2'}, {'topic': 'Financial Markets', 'relevance_score': '0.87644'}, {'topic': 'Manufacturing', 'relevance_score': '0.2'}, {'topic': 'Technology', 'relevance_score': '0.2'}, {'topic': 'Finance', 'relevance_score': '0.2'}]",0.366546,Bullish,"[{'ticker': 'TGT', 'relevance_score': '0.067158', 'ticker_sentiment_score': '0.227958', 'ticker_sentiment_label': 'Somewhat-Bullish'}, {'ticker': 'FRPT', 'relevance_score': '0.067158', 'ticker_sentiment_score': '0.307691', 'ticker_sentiment_label': 'Somewhat-Bullish'}, {'ticker': 'COST', 'relevance_score': '0.067158', 'ticker_sentiment_score': '0.227958', 'ticker_sentiment_label': 'Somewhat-Bullish'}, {'ticker': 'IVP', 'relevance_score': '0.166858', 'ticker_sentiment_score': '0.273671', 'ticker_sentiment_label': 'Somewhat-Bullish'}, {'ticker': 'MS', 'relevance_score': '0.067158', 'ticker_sentiment_score': '0.135379', 'ticker_sentiment_label': 'Neutral'}, {'ticker': 'PETQ', 'relevance_score': '0.067158', 'ticker_sentiment_score': '0.0', 'ticker_sentiment_label': 'Neutral'}, {'ticker': 'CHWY', 'relevance_score': '0.133841', 'ticker_sentiment_score': '0.235563', 'ticker_sentiment_label': 'Somewhat-Bullish'}, {'ticker': 'ZTS', 'relevance_score': '0.067158', 'ticker_sentiment_score': '0.0', 'ticker_sentiment_label': 'Neutral'}, {'ticker': 'AMZN', 'relevance_score': '0.067158', 'ticker_sentiment_score': '0.197737', 'ticker_sentiment_label': 'Somewhat-Bullish'}, {'ticker': 'PET', 'relevance_score': '0.166858', 'ticker_sentiment_score': '0.273671', 'ticker_sentiment_label': 'Somewhat-Bullish'}, {'ticker': 'TRUP', 'relevance_score': '0.067158', 'ticker_sentiment_score': '0.0', 'ticker_sentiment_label': 'Neutral'}, {'ticker': 'WMT', 'relevance_score': '0.067158', 'ticker_sentiment_score': '0.227958', 'ticker_sentiment_label': 'Somewhat-Bullish'}]"
0,"1 Mental Trick You Can Use If You Want to Invest in the S&P 500 but Don't Like the ""Magnificent Seven""",https://www.fool.com/investing/2024/01/30/mental-trick-buy-market-magnificent-seven-stocks/,20240130T140300,['Daniel Foelber'],These seven companies alone make up more than $12 trillion in value.,https://g.foolcdn.com/image/?url=https%3A%2F%2Fg.foolcdn.com%2Feditorial%2Fimages%2F761903%2Fcouple-planning-finances-budget-1200x800-5b2df79.jpg&op=resize&w=700,Motley Fool,n/a,www.fool.com,"[{'topic': 'Life Sciences', 'relevance_score': '0.166667'}, {'topic': 'Energy & Transportation', 'relevance_score': '0.166667'}, {'topic': 'Technology', 'relevance_score': '0.166667'}, {'topic': 'Finance', 'relevance_score': '0.166667'}, {'topic': 'Retail & Wholesale', 'relevance_score': '0.166667'}, {'topic': 'Financial Markets', 'relevance_score': '1.0'}, {'topic': 'Manufacturing', 'relevance_score': '0.166667'}]",0.244147,Somewhat-Bullish,"[{'ticker': 'META', 'relevance_score': '0.149192', 'ticker_sentiment_score': '0.188803', 'ticker_sentiment_label': 'Somewhat-Bullish'}, {'ticker': 'NVDA', 'relevance_score': '0.112182', 'ticker_sentiment_score': '0.176975', 'ticker_sentiment_label': 'Somewhat-Bullish'}, {'ticker': 'AAPL', 'relevance_score': '0.149192', 'ticker_sentiment_score': '0.193824', 'ticker_sentiment_label': 'Somewhat-Bullish'}, {'ticker': 'BAC', 'relevance_score': '0.037504', 'ticker_sentiment_score': '0.107902', 'ticker_sentiment_label': 'Neutral'}, {'ticker': 'BRK-A', 'relevance_score': '0.037504', 'ticker_sentiment_score': '0.136778', 'ticker_sentiment_label': 'Neutral'}, {'ticker': 'JNJ', 'relevance_score': '0.037504', 'ticker_sentiment_score': '0.136778', 'ticker_sentiment_label': 'Neutral'}, {'ticker': 'MSFT', 'relevance_score': '0.112182', 'ticker_sentiment_score': '0.142505', 'ticker_sentiment_label': 'Neutral'}, {'ticker': 'TSLA', 'relevance_score': '0.149192', 'ticker_sentiment_score': '0.188803', 'ticker_sentiment_label': 'Somewhat-Bullish'}, {'ticker': 'WFC', 'relevance_score': '0.037504', 'ticker_sentiment_score': '0.136778', 'ticker_sentiment_label': 'Neutral'}, {'ticker': 'PG', 'relevance_score': '0.037504', 'ticker_sentiment_score': '0.136778', 'ticker_sentiment_label': 'Neutral'}, {'ticker': 'XOM', 'relevance_score': '0.037504', 'ticker_sentiment_score': '0.136778', 'ticker_sentiment_label': 'Neutral'}, {'ticker': 'AMZN', 'relevance_score': '0.112182', 'ticker_sentiment_score': '0.169208', 'ticker_sentiment_label': 'Somewhat-Bullish'}, {'ticker': 'WMT', 'relevance_score': '0.037504', 'ticker_sentiment_score': '0.136778', 'ticker_sentiment_label': 'Neutral'}]"
0,Futures Fall Ahead Of Key Economic Data,https://www.investors.com/market-trend/stock-market-today/dow-jones-futures-key-economic-data-alphabet-amd-microsoft-to-report-earnings/,20240130T132300,"[""Investor's Business Daily"", 'SCOTT LEHTONEN']","Dow Jones futures fell slightly Tuesday morning, as Wall Street prepared for key economic data, with the early release of two housing reports, consumer confidence numbers and job openings.",https://www.investors.com/wp-content/uploads/2017/04/stock-wallstreet-shutter.jpg,Investors Business Daily,n/a,www.investors.com,"[{'topic': 'Life Sciences', 'relevance_score': '0.166667'}, {'topic': 'Technology', 'relevance_score': '0.166667'}, {'topic': 'Finance', 'relevance_score': '0.166667'}, {'topic': 'Economy - Fiscal', 'relevance_score': '0.451494'}, {'topic': 'Retail & Wholesale', 'relevance_score': '0.166667'}, {'topic': 'Financial Markets', 'relevance_score': '1.0'}, {'topic': 'Manufacturing', 'relevance_score': '0.166667'}, {'topic': 'Earnings', 'relevance_score': '0.158519'}, {'topic': 'Real Estate & Construction', 'relevance_score': '0.166667'}]",0.111578,Neutral,"[{'ticker': 'DKNG', 'relevance_score': '0.142989', 'ticker_sentiment_score': '0.04644', 'ticker_sentiment_label': 'Neutral'}, {'ticker': 'NFLX', 'relevance_score': '0.071784', 'ticker_sentiment_score': '0.115734', 'ticker_sentiment_label': 'Neutral'}, {'ticker': 'NVDA', 'relevance_score': '0.142989', 'ticker_sentiment_score': '0.096854', 'ticker_sentiment_label': 'Neutral'}, {'ticker': 'SPOT', 'relevance_score': '0.107495', 'ticker_sentiment_score': '0.098818', 'ticker_sentiment_label': 'Neutral'}, {'ticker': 'SNOW', 'relevance_score': '0.142989', 'ticker_sentiment_score': '0.027056', 'ticker_sentiment_label': 'Neutral'}, {'ticker': 'GM', 'relevance_score': '0.035929', 'ticker_sentiment_score': '0.222658', 'ticker_sentiment_label': 'Somewhat-Bullish'}, {'ticker': 'NVO', 'relevance_score': '0.107495', 'ticker_sentiment_score': '0.078383', 'ticker_sentiment_label': 'Neutral'}, {'ticker': 'IVZ', 'relevance_score': '0.035929', 'ticker_sentiment_score': '0.034318', 'ticker_sentiment_label': 'Neutral'}, {'ticker': 'AMGN', 'relevance_score': '0.142989', 'ticker_sentiment_score': '0.05936', 'ticker_sentiment_label': 'Neutral'}, {'ticker': 'PFE', 'relevance_score': '0.035929', 'ticker_sentiment_score': '0.222658', 'ticker_sentiment_label': 'Somewhat-Bullish'}, {'ticker': 'MSFT', 'relevance_score': '0.142989', 'ticker_sentiment_score': '0.111156', 'ticker_sentiment_label': 'Neutral'}, {'ticker': 'TSLA', 'relevance_score': '0.142989', 'ticker_sentiment_score': '0.096854', 'ticker_sentiment_label': 'Neutral'}, {'ticker': 'PHM', 'relevance_score': '0.035929', 'ticker_sentiment_score': '0.222658', 'ticker_sentiment_label': 'Somewhat-Bullish'}, {'ticker': 'AMD', 'relevance_score': '0.071784', 'ticker_sentiment_score': '0.112764', 'ticker_sentiment_label': 'Neutral'}, {'ticker': 'WMT', 'relevance_score': '0.142989', 'ticker_sentiment_score': '0.128408', 'ticker_sentiment_label': 'Neutral'}]"
0,"US Stocks Hold Steady Ahead Of Microsoft, Alphabet Earnings: Analyst Warns Of 'Big Air Pocket' In Pivotal Trading Week - Invesco QQQ Trust, Series 1  ( NASDAQ:QQQ ) , SPDR S&P 500  ( ARCA:SPY ) ",https://www.benzinga.com/news/earnings/24/01/36841675/us-stocks-hold-steady-ahead-of-microsoft-alphabet-earnings-analyst-warns-of-big-air-pocket-in-pivot,20240130T122551,['Shanthi Rexaline'],"The sentiment on Wall Street turned extremely cautious on Tuesday as investors awaited key earnings releases from companies like Microsoft Corp. MSFT, Alphabet, Inc. GOOGL, and Advanced Micro Devices, Inc. AMD.",https://cdn.benzinga.com/files/images/story/2024/untitled_7.jpeg?width=1200&height=800&fit=crop,Benzinga,Trading,www.benzinga.com,"[{'topic': 'Life Sciences', 'relevance_score': '0.166667'}, {'topic': 'Energy & Transportation', 'relevance_score': '0.166667'}, {'topic': 'Technology', 'relevance_score': '0.166667'}, {'topic': 'Finance', 'relevance_score': '0.166667'}, {'topic': 'Economy - Monetary', 'relevance_score': '0.310843'}, {'topic': 'Economy - Fiscal', 'relevance_score': '0.158519'}, {'topic': 'Retail & Wholesale', 'relevance_score': '0.166667'}, {'topic': 'Financial Markets', 'relevance_score': '0.98396'}, {'topic': 'Manufacturing', 'relevance_score': '0.166667'}, {'topic': 'Earnings', 'relevance_score': '0.576289'}]",0.098826,Neutral,"[{'ticker': 'WHR', 'relevance_score': '0.105836', 'ticker_sentiment_score': '0.0', 'ticker_sentiment_label': 'Neutral'}, {'ticker': 'GOOG', 'relevance_score': '0.053035', 'ticker_sentiment_score': '-0.103653', 'ticker_sentiment_label': 'Neutral'}, {'ticker': 'MDLZ', 'relevance_score': '0.105836', 'ticker_sentiment_score': '0.0', 'ticker_sentiment_label': 'Neutral'}, {'ticker': 'JBLU', 'relevance_score': '0.105836', 'ticker_sentiment_score': '0.0', 'ticker_sentiment_label': 'Neutral'}, {'ticker': 'JNPR', 'relevance_score': '0.105836', 'ticker_sentiment_score': '0.0', 'ticker_sentiment_label': 'Neutral'}, {'ticker': 'GM', 'relevance_score': '0.105836', 'ticker_sentiment_score': '0.0', 'ticker_sentiment_label': 'Neutral'}, {'ticker': 'SANM', 'relevance_score': '0.105836', 'ticker_sentiment_score': '0.0', 'ticker_sentiment_label': 'Neutral'}, {'ticker': 'SWKS', 'relevance_score': '0.105836', 'ticker_sentiment_score': '0.0', 'ticker_sentiment_label': 'Neutral'}, {'ticker': 'IVZ', 'relevance_score': '0.053035', 'ticker_sentiment_score': '0.149665', 'ticker_sentiment_label': 'Neutral'}, {'ticker': 'FFIV', 'relevance_score': '0.105836', 'ticker_sentiment_score': '0.0', 'ticker_sentiment_label': 'Neutral'}, {'ticker': 'PFE', 'relevance_score': '0.105836', 'ticker_sentiment_score': '0.0', 'ticker_sentiment_label': 'Neutral'}, {'ticker': 'MSFT', 'relevance_score': '0.158173', 'ticker_sentiment_score': '-0.069298', 'ticker_sentiment_label': 'Neutral'}, {'ticker': 'SBUX', 'relevance_score': '0.105836', 'ticker_sentiment_score': '0.0', 'ticker_sentiment_label': 'Neutral'}, {'ticker': 'UNM', 'relevance_score': '0.105836', 'ticker_sentiment_score': '0.0', 'ticker_sentiment_label': 'Neutral'}, {'ticker': 'AMD', 'relevance_score': '0.158173', 'ticker_sentiment_score': '-0.069298', 'ticker_sentiment_label': 'Neutral'}, {'ticker': 'UPS', 'relevance_score': '0.105836', 'ticker_sentiment_score': '0.0', 'ticker_sentiment_label': 'Neutral'}, {'ticker': 'EA', 'relevance_score': '0.105836', 'ticker_sentiment_score': '0.0', 'ticker_sentiment_label': 'Neutral'}]"
